report_month,source_url,local_pdf,sha256,page_count,report_date,title,access_status,http_status,notes
2024-03,https://public.bnbstatic.com/static/files/research/monthly-market-insights-2024-03.pdf,source_pdfs/monthly-market-insights-2024-03.pdf,cecf0ee15630deefd11aacd646943829c12fc1301ba36cddbc528834aa872503,17,2024-03,Monthly Market Insights March 2024,verified_pdf,200,PDF magic and pdfinfo verified; full text extracted with pdftotext.
2024-04,https://public.bnbstatic.com/static/files/research/monthly-market-insights-2024-04.pdf,source_pdfs/monthly-market-insights-2024-04.pdf,87993f634c9e57331e8791ecf6df9b0c2fabc625441b0bc42bce65c2f7ca822a,17,2024-04,Monthly Market Insights April 2024,verified_pdf,200,PDF magic and pdfinfo verified; full text extracted with pdftotext.
2024-05,https://public.bnbstatic.com/static/files/research/monthly-market-insights-2024-05.pdf,source_pdfs/monthly-market-insights-2024-05.pdf,4ee9bc2b3743bf767243cac77c278bf7f3eea89bcab0df7db5e91f3771d4bce1,17,2024-05,Monthly Market Insights May 2024,verified_pdf,200,PDF magic and pdfinfo verified; full text extracted with pdftotext.
2024-06,https://public.bnbstatic.com/static/files/research/monthly-market-insights-2024-06.pdf,source_pdfs/monthly-market-insights-2024-06.pdf,6f53d10e22c6be7096ee4b4362b880760d5db6a9d900c0736ab80bd5280d4c94,17,2024-06,Monthly Market Insights June 2024,verified_pdf,200,PDF magic and pdfinfo verified; full text extracted with pdftotext.
2024-07,https://public.bnbstatic.com/static/files/research/monthly-market-insights-2024-07.pdf,source_pdfs/monthly-market-insights-2024-07.pdf,9d1bdbcbf8c4efbc8a88748da4b484ed1278ee1553198d89dd92834720f42e8a,19,2024-07,Monthly Market Insights July 2024,verified_pdf,200,PDF magic and pdfinfo verified; full text extracted with pdftotext.
2024-08,https://public.bnbstatic.com/static/files/research/monthly-market-insights-2024-08.pdf,source_pdfs/monthly-market-insights-2024-08.pdf,13dc2232a508ea86ec07c066e810b6d2f9fdd8dc77f236f4ca7bbfe323060e3d,18,2024-08,Monthly Market Insights August 2024,verified_pdf,200,PDF magic and pdfinfo verified; full text extracted with pdftotext.
2024-09,https://public.bnbstatic.com/static/files/research/monthly-market-insights-2024-09.pdf,source_pdfs/monthly-market-insights-2024-09.pdf,f2101c8b889f7728066d1f5d97141c0f3b5f290ddfadb9990e7ecac5d38191b0,19,2024-09,Monthly Market Insights September 2024,verified_pdf,200,PDF magic and pdfinfo verified; full text extracted with pdftotext.
2024-10,https://public.bnbstatic.com/static/files/research/monthly-market-insights-2024-10.pdf,source_pdfs/monthly-market-insights-2024-10.pdf,d45559f20d06a9687fb6472aa46b1ad12425d1bdedee5d4f07963b8961e9e0ae,19,2024-10,Monthly Market Insights October 2024,verified_pdf,200,PDF magic and pdfinfo verified; full text extracted with pdftotext.
2024-11,https://public.bnbstatic.com/static/files/research/monthly-market-insights-2024-11.pdf,source_pdfs/monthly-market-insights-2024-11.pdf,513fe7bd86c18f2e5192dd495020d50be270ac8fe19c7babab97cd39a5429f65,18,2024-11,Monthly Market Insights November 2024,verified_pdf,200,PDF magic and pdfinfo verified; full text extracted with pdftotext.
2025-01,https://public.bnbstatic.com/static/files/research/monthly-market-insights-2025-01.pdf,source_pdfs/monthly-market-insights-2025-01.pdf,9ea8233ee6705e6525e26d00e597c2ae8323f801a38310c92c900ab9c2983eab,18,2025-01,Monthly Market Insights January 2025,verified_pdf,200,PDF magic and pdfinfo verified; full text extracted with pdftotext.
2025-02,https://public.bnbstatic.com/static/files/research/monthly-market-insights-2025-02.pdf,source_pdfs/monthly-market-insights-2025-02.pdf,0cee1e40776cea53aa13d9c28604d09d33c3c2bc8879eb59112fc33225975bd4,17,2025-02,Monthly Market Insights February 2025,verified_pdf,200,PDF magic and pdfinfo verified; full text extracted with pdftotext.
2025-03,https://public.bnbstatic.com/static/files/research/monthly-market-insights-2025-03.pdf,source_pdfs/monthly-market-insights-2025-03.pdf,1198b767194e8a3d1eb6e65bde3a18eec268fa498651eec8dfbff636a8dde7f4,18,2025-03,Monthly Market Insights March 2025,verified_pdf,200,PDF magic and pdfinfo verified; full text extracted with pdftotext.
2025-04,https://public.bnbstatic.com/static/files/research/monthly-market-insights-2025-04.pdf,source_pdfs/monthly-market-insights-2025-04.pdf,e7262ea0ada82286d1c158112a09d1637fe3e1ecc525cff62d4d1b5df4cbfaee,18,2025-04,Monthly Market Insights April 2025,verified_pdf,200,PDF magic and pdfinfo verified; full text extracted with pdftotext.
2025-05,https://public.bnbstatic.com/static/files/research/monthly-market-insights-2025-05.pdf,source_pdfs/monthly-market-insights-2025-05.pdf,9702a7d69e3e5b53946e8243420ad62e78398064d335f649dff832072dd577bc,19,2025-05,Monthly Market Insights May 2025,verified_pdf,200,PDF magic and pdfinfo verified; full text extracted with pdftotext.
2025-06,https://public.bnbstatic.com/static/files/research/monthly-market-insights-2025-06.pdf,source_pdfs/monthly-market-insights-2025-06.pdf,56a6af7f94702c6bf9f24793e51444ab0df938c7e7166934aff0a6821c653aa2,19,2025-06,Monthly Market Insights June 2025,verified_pdf,200,PDF magic and pdfinfo verified; full text extracted with pdftotext.
2025-07,https://public.bnbstatic.com/static/files/research/monthly-market-insights-2025-07.pdf,source_pdfs/monthly-market-insights-2025-07.pdf,7eb713d35625976c490ba1fa6eb0c6b3b42e8a445aa8735b119e100563162d1f,20,2025-07,Monthly Market Insights July 2025,verified_pdf,200,PDF magic and pdfinfo verified; full text extracted with pdftotext.
2025-08,https://public.bnbstatic.com/static/files/research/monthly-market-insights-2025-08.pdf,source_pdfs/monthly-market-insights-2025-08.pdf,dad48cce2f0f02a4914c038d9643e9b21ab6e0348105dcebbc4de81404fefccc,19,2025-08,Monthly Market Insights,verified_pdf,200,PDF magic and pdfinfo verified; full text extracted with pdftotext.
2025-09,https://public.bnbstatic.com/static/files/research/monthly-market-insights-2025-09.pdf,source_pdfs/monthly-market-insights-2025-09.pdf,1a189a56410f9ec43543db81f7169c84c879a1b8676b727ad78d1b2ffdcee05a,18,2025-09,Monthly Market Insights September 2025,verified_pdf,200,PDF magic and pdfinfo verified; full text extracted with pdftotext.
2025-10,https://public.bnbstatic.com/static/files/research/monthly-market-insights-2025-10.pdf,source_pdfs/monthly-market-insights-2025-10.pdf,a3be2ffbf5eb2bd8d5702a7fa642f23e0e2ce5373681d3e0321d147ab9f0d215,19,2025-10,MONTHLY MARKET INSIGHTS OCTOBER 2025,verified_pdf,200,PDF magic and pdfinfo verified; full text extracted with pdftotext.
2025-11,https://public.bnbstatic.com/static/files/research/monthly-market-insights-2025-11.pdf,source_pdfs/monthly-market-insights-2025-11.pdf,0a7c1852ff7a1fa63c6c323c220cafe641343f29db33b9903f235d5cf71f797f,18,2025-11,MONTHLY MARKET INSIGHTS November 2025,verified_pdf,200,PDF magic and pdfinfo verified; full text extracted with pdftotext.
2025-12,https://public.bnbstatic.com/static/files/research/monthly-market-insights-2025-12.pdf,source_pdfs/monthly-market-insights-2025-12.pdf,2314d1b66ea140604d41cd322a321547a40e8cfdbd3cc2c048c28dcfeed0b635,17,2025-12,MONTHLY MARKET INSIGHTS December 2025,verified_pdf,200,PDF magic and pdfinfo verified; full text extracted with pdftotext.
2026-01,https://public.bnbstatic.com/static/files/research/monthly-market-insights-2026-01.pdf,source_pdfs/monthly-market-insights-2026-01.pdf,3f7373d762486ba883a7091315bc9a39b0b6c9da72a2f6ce178a438b7efdd8f9,21,2026-01,MONTHLY MARKET INSIGHTS january 2026,verified_pdf,200,PDF magic and pdfinfo verified; full text extracted with pdftotext.
2026-02,https://public.bnbstatic.com/static/files/research/monthly-market-insights-2026-02.pdf,source_pdfs/monthly-market-insights-2026-02.pdf,e2f666908919c9ed099bad909ea425f0e503f4865fd101ffb6ec5084b752f67b,18,2026-02,MONTHLY MARKET INSIGHTS February 2026,verified_pdf,200,PDF magic and pdfinfo verified; full text extracted with pdftotext.
2026-03,https://public.bnbstatic.com/static/files/research/monthly-market-insights-2026-03.pdf,source_pdfs/monthly-market-insights-2026-03.pdf,5ba455daa92716f2a9a75648cda3f907e2432bd599a8ab9f883709523a717026,19,2026-03,MONTHLY MARKET INSIGHTS March 2026,verified_pdf,200,PDF magic and pdfinfo verified; full text extracted with pdftotext.
2026-04,https://public.bnbstatic.com/static/files/research/monthly-market-insights-2026-04.pdf,source_pdfs/monthly-market-insights-2026-04.pdf,5a20cc2af865555f12ce716f6e9a241c165496eb4ff5fd996141c05cccb26f95,20,2026-04,MONTHLY MARKET INSIGHTS april 2026,verified_pdf,200,PDF magic and pdfinfo verified; full text extracted with pdftotext.
2026-05,https://public.bnbstatic.com/static/files/research/monthly-market-insights-2026-05.pdf,source_pdfs/monthly-market-insights-2026-05.pdf,9c281b9155aa360c574830a2470c5dbd7b4291f3823cbbbd7da6e14738b8a298,21,2026-05,MONTHLY MARKET INSIGHTS may 2026,verified_pdf,200,PDF magic and pdfinfo verified; full text extracted with pdftotext.
2026-06,https://public.bnbstatic.com/static/files/research/monthly-market-insights-2026-06.pdf,source_pdfs/monthly-market-insights-2026-06.pdf,95f478ab3f0a61a355f397604a8ec79f6abe7f495a2df8dda5daedc3c06dc42a,20,2026-06,MONTHLY MARKET INSIGHTS june 2026,verified_pdf,200,PDF magic and pdfinfo verified; full text extracted with pdftotext.
2026-07,https://public.bnbstatic.com/static/files/research/monthly-market-insights-2026-07.pdf,source_pdfs/monthly-market-insights-2026-07.pdf,b71e9650e3a94b769bd31aa207ca5472148de58f3f4ef86dffb1369e272abda2,20,2026-07,MONTHLY MARKET INSIGHTS July 2026,verified_pdf,200,PDF magic and pdfinfo verified; full text extracted with pdftotext.
2026-08,https://public.bnbstatic.com/static/files/research/monthly-market-insights-2026-08.pdf,source_pdfs/monthly-market-insights-2026-08.pdf,e3b49bc1d8858cc8c392f7e2e79bf69c18abb1882470134488a532cbadf0c263,20,2026-08,MONTHLY MARKET INSIGHTS august 2026,verified_pdf,200,PDF magic and pdfinfo verified; full text extracted with pdftotext.
2026-09,https://public.bnbstatic.com/static/files/research/monthly-market-insights-2026-09.pdf,source_pdfs/monthly-market-insights-2026-09.pdf,f34b2c481a5c4f0ac0d5fe9b0a75fc10d74022f35997e37e91f36a14c00962f4,19,2026-09,MONTHLY MARKET INSIGHTS September 2026,verified_pdf,200,PDF magic and pdfinfo verified; full text extracted with pdftotext.
